Report Refresh Date,Site Type,Storage Used (Byte),Report Date,Report Period
2026-02-03,All,2006081665,2026-02-03,180
2026-02-03,All,1992780115,2026-02-02,180
2026-02-03,All,1992780107,2026-02-01,180
2026-02-03,All,1992762258,2026-01-31,180
2026-02-03,All,1992702830,2026-01-30,180
2026-02-03,All,1992700830,2026-01-29,180
2026-02-03,All,2021701683,2026-01-28,180
2026-02-03,All,1987053040,2026-01-27,180
2026-02-03,All,1987048746,2026-01-26,180
2026-02-03,All,1987041940,2026-01-25,180
2026-02-03,All,1987041940,2026-01-24,180
2026-02-03,All,1987030678,2026-01-23,180
2026-02-03,All,1987027776,2026-01-22,180
2026-02-03,All,1987012522,2026-01-21,180
2026-02-03,All,1987012028,2026-01-20,180
2026-02-03,All,1986997893,2026-01-19,180
2026-02-03,All,1986997893,2026-01-18,180
2026-02-03,All,1986989726,2026-01-17,180
2026-02-03,All,1986979602,2026-01-16,180
2026-02-03,All,1986973552,2026-01-15,180
2026-02-03,All,1986971592,2026-01-14,180
2026-02-03,All,1986969632,2026-01-13,180
2026-02-03,All,1986955385,2026-01-12,180
2026-02-03,All,1986971954,2026-01-11,180
2026-02-03,All,1986957719,2026-01-10,180
2026-02-03,All,1986954278,2026-01-09,180
2026-02-03,All,1986941970,2026-01-08,180
2026-02-03,All,1986940010,2026-01-07,180
2026-02-03,All,1987456686,2026-01-06,180
2026-02-03,All,1987456200,2026-01-05,180
2026-02-03,All,1987442554,2026-01-04,180
2026-02-03,All,1987440594,2026-01-03,180
2026-02-03,All,1987438530,2026-01-02,180
2026-02-03,All,1987432836,2026-01-01,180
2026-02-03,All,1987417340,2025-12-31,180
2026-02-03,All,1987414999,2025-12-30,180
2026-02-03,All,1987412663,2025-12-29,180
2026-02-03,All,1987410327,2025-12-28,180
2026-02-03,All,1987396305,2025-12-27,180
2026-02-03,All,1987394010,2025-12-26,180
2026-02-03,All,1987384164,2025-12-25,180
2026-02-03,All,1987382204,2025-12-24,180
2026-02-03,All,1987367696,2025-12-23,180
2026-02-03,All,1987365365,2025-12-22,180
2026-02-03,All,1987363029,2025-12-21,180
2026-02-03,All,1987360693,2025-12-20,180
2026-02-03,All,1987346753,2025-12-19,180
2026-02-03,All,1987346753,2025-12-18,180
2026-02-03,All,1987335947,2025-12-17,180
2026-02-03,All,1987333707,2025-12-16,180
2026-02-03,All,1987319062,2025-12-15,180
2026-02-03,All,1987316726,2025-12-14,180
2026-02-03,All,1987312430,2025-12-13,180
2026-02-03,All,1987194630,2025-12-12,180
2026-02-03,All,1987215991,2025-12-11,180
2026-02-03,All,1987177209,2025-12-10,180
2026-02-03,All,1987175247,2025-12-09,180
2026-02-03,All,1987146124,2025-12-08,180
2026-02-03,All,1987146124,2025-12-07,180
2026-02-03,All,1987146124,2025-12-06,180
2026-02-03,All,1986299835,2025-12-05,180
2026-02-03,All,1982531346,2025-12-04,180
2026-02-03,All,1982531346,2025-12-03,180
2026-02-03,All,2600124159,2025-12-02,180
2026-02-03,All,2600054525,2025-12-01,180
2026-02-03,All,2600053179,2025-11-30,180
2026-02-03,All,2600047313,2025-11-29,180
2026-02-03,All,2599147663,2025-11-28,180
2026-02-03,All,2599145455,2025-11-27,180
2026-02-03,All,2599140457,2025-11-26,180
2026-02-03,All,2599075395,2025-11-25,180
2026-02-03,All,2588434856,2025-11-24,180
2026-02-03,All,2588430498,2025-11-23,180
2026-02-03,All,2588425093,2025-11-22,180
2026-02-03,All,2588423941,2025-11-21,180
2026-02-03,All,2588409833,2025-11-20,180
2026-02-03,All,2588406065,2025-11-19,180
2026-02-03,All,2588402297,2025-11-18,180
2026-02-03,All,2588388481,2025-11-17,180
2026-02-03,All,2588366251,2025-11-16,180
2026-02-03,All,2588363636,2025-11-15,180
2026-02-03,All,2588358716,2025-11-14,180
2026-02-03,All,2588344906,2025-11-13,180
2026-02-03,All,2588341138,2025-11-12,180
2026-02-03,All,2588337370,2025-11-11,180
2026-02-03,All,2588333024,2025-11-10,180
2026-02-03,All,2588313690,2025-11-09,180
2026-02-03,All,2588313690,2025-11-08,180
2026-02-03,All,2588239825,2025-11-07,180
2026-02-03,All,2411239420,2025-11-06,180
2026-02-03,All,,2025-11-05,180
2026-02-03,All,,2025-11-04,180
2026-02-03,All,,2025-11-03,180
2026-02-03,All,,2025-11-02,180
2026-02-03,All,,2025-11-01,180
2026-02-03,All,,2025-10-31,180
2026-02-03,All,,2025-10-30,180
2026-02-03,All,,2025-10-29,180
2026-02-03,All,,2025-10-28,180
2026-02-03,All,,2025-10-27,180
2026-02-03,All,,2025-10-26,180
2026-02-03,All,,2025-10-25,180
2026-02-03,All,,2025-10-24,180
2026-02-03,All,,2025-10-23,180
2026-02-03,All,,2025-10-22,180
2026-02-03,All,,2025-10-21,180
2026-02-03,All,,2025-10-20,180
2026-02-03,All,,2025-10-19,180
2026-02-03,All,,2025-10-18,180
2026-02-03,All,,2025-10-17,180
2026-02-03,All,,2025-10-16,180
2026-02-03,All,,2025-10-15,180
2026-02-03,All,,2025-10-14,180
2026-02-03,All,,2025-10-13,180
2026-02-03,All,,2025-10-12,180
2026-02-03,All,,2025-10-11,180
2026-02-03,All,,2025-10-10,180
2026-02-03,All,,2025-10-09,180
2026-02-03,All,,2025-10-08,180
2026-02-03,All,,2025-10-07,180
2026-02-03,All,,2025-10-06,180
2026-02-03,All,,2025-10-05,180
2026-02-03,All,,2025-10-04,180
2026-02-03,All,,2025-10-03,180
2026-02-03,All,,2025-10-02,180
2026-02-03,All,,2025-10-01,180
2026-02-03,All,,2025-09-30,180
2026-02-03,All,,2025-09-29,180
2026-02-03,All,,2025-09-28,180
2026-02-03,All,,2025-09-27,180
2026-02-03,All,,2025-09-26,180
2026-02-03,All,,2025-09-25,180
2026-02-03,All,,2025-09-24,180
2026-02-03,All,,2025-09-23,180
2026-02-03,All,,2025-09-22,180
2026-02-03,All,,2025-09-21,180
2026-02-03,All,,2025-09-20,180
2026-02-03,All,,2025-09-19,180
2026-02-03,All,,2025-09-18,180
2026-02-03,All,,2025-09-17,180
2026-02-03,All,,2025-09-16,180
2026-02-03,All,,2025-09-15,180
2026-02-03,All,,2025-09-14,180
2026-02-03,All,,2025-09-13,180
2026-02-03,All,,2025-09-12,180
2026-02-03,All,,2025-09-11,180
2026-02-03,All,,2025-09-10,180
2026-02-03,All,,2025-09-09,180
2026-02-03,All,,2025-09-08,180
2026-02-03,All,,2025-09-07,180
2026-02-03,All,,2025-09-06,180
2026-02-03,All,,2025-09-05,180
2026-02-03,All,,2025-09-04,180
2026-02-03,All,,2025-09-03,180
2026-02-03,All,,2025-09-02,180
2026-02-03,All,,2025-09-01,180
2026-02-03,All,,2025-08-31,180
2026-02-03,All,,2025-08-30,180
2026-02-03,All,,2025-08-29,180
2026-02-03,All,,2025-08-28,180
2026-02-03,All,,2025-08-27,180
2026-02-03,All,,2025-08-26,180
2026-02-03,All,,2025-08-25,180
2026-02-03,All,,2025-08-24,180
2026-02-03,All,,2025-08-23,180
2026-02-03,All,,2025-08-22,180
2026-02-03,All,,2025-08-21,180
2026-02-03,All,,2025-08-20,180
2026-02-03,All,,2025-08-19,180
2026-02-03,All,,2025-08-18,180
2026-02-03,All,,2025-08-17,180
2026-02-03,All,,2025-08-16,180
2026-02-03,All,,2025-08-15,180
2026-02-03,All,,2025-08-14,180
2026-02-03,All,,2025-08-13,180
2026-02-03,All,,2025-08-12,180
2026-02-03,All,,2025-08-11,180
2026-02-03,All,,2025-08-10,180
2026-02-03,All,,2025-08-09,180
2026-02-03,All,,2025-08-08,180
